﻿<?xml version="1.0" encoding="utf-8" ?>
<Time ID="1" Nome="Flamengo">
    <Jogador Camisa="18" Nome="Leonardo Moura" DataCadastro="01/02/2010" />
    <Jogador Camisa="17" Nome="David" DataCadastro="21/02/2010" />
    <Jogador Camisa="25" Nome="Ronaldo Angelim" DataCadastro="23/02/2010" />
    <Jogador Camisa="5" Nome="Juan" DataCadastro="12/02/2010" />
    <Jogador Camisa="22" Nome="Airton" DataCadastro="01/03/2010" />
    <Jogador Camisa="34" Nome="Toró (Everton)" DataCadastro="12/04/2010" />
    <Jogador Camisa="11" Nome="Williams" DataCadastro="01/12/2009" />
    <Jogador Camisa="4" Nome="Petkovic" DataCadastro="02/12/2009" />
    <Jogador Camisa="10" Nome="Zé Roberto" DataCadastro="01/03/2010" />
    <Jogador Camisa="1" Nome="Adriano" DataCadastro="04/02/2010" />
</Time>